date,state,district,pincode,bio_age_5_17,bio_age_17_
01-03-2025,Daman and Diu,Daman,396215,13,32
01-03-2025,Daman and Diu,Daman,396210,248,169
01-04-2025,Daman and Diu,Diu,362520,58,20
01-04-2025,Daman and Diu,Diu,362540,77,16
01-05-2025,Daman and Diu,Diu,362570,164,76
26-10-2025,Daman and Diu,Daman,396220,3,1
18-10-2025,Daman and Diu,Diu,362540,0,1
02-11-2025,Daman and Diu,Diu,362570,0,1
03-11-2025,Daman and Diu,Daman,396215,1,0
05-11-2025,Daman and Diu,Daman,396220,3,0
05-11-2025,Daman and Diu,Diu,362540,2,0
25-12-2025,Daman and Diu,Diu,362570,5,2
27-12-2025,Daman and Diu,Daman,396215,2,0
28-12-2025,Daman and Diu,Daman,396210,4,4
29-12-2025,Daman and Diu,Daman,396220,0,1
01-01-2026,Daman and Diu,Diu,362520,1,0
03-01-2026,Daman and Diu,Daman,396215,1,0
06-12-2025,Daman and Diu,Diu,362520,0,1
10-12-2025,Daman and Diu,Diu,362540,0,1
04-10-2025,Daman and Diu,Daman,396220,0,1
19-10-2025,Daman and Diu,Daman,396210,0,1
20-08-2025,Daman and Diu,Daman,396215,0,3
15-08-2025,Daman and Diu,Daman,396210,0,1
09-08-2025,Daman and Diu,Daman,396210,2,2
09-08-2025,Daman and Diu,Diu,362520,0,1
10-08-2025,Daman and Diu,Diu,362570,2,1
10-10-2025,Daman and Diu,Daman,396215,0,2
13-10-2025,Daman and Diu,Daman,396210,18,7
13-10-2025,Daman and Diu,Daman,396215,1,0
12-10-2025,Daman and Diu,Daman,396210,6,7
12-10-2025,Daman and Diu,Daman,396215,0,1
16-10-2025,Daman and Diu,Daman,396220,1,1
05-11-2025,Daman and Diu,Daman,396210,1,0
06-11-2025,Daman and Diu,Daman,396220,2,1
13-11-2025,Daman and Diu,Daman,396210,10,6
17-11-2025,Daman and Diu,Daman,396220,2,0
17-11-2025,Daman and Diu,Diu,362520,14,2
17-11-2025,Daman and Diu,Diu,362540,30,3
16-11-2025,Daman and Diu,Daman,396210,1,2
10-11-2025,Daman and Diu,Daman,396210,5,12
10-11-2025,Daman and Diu,Diu,362540,9,1
14-11-2025,Daman and Diu,Daman,396210,10,8
14-11-2025,Daman and Diu,Diu,362520,3,0
15-11-2025,Daman and Diu,Daman,396215,0,1
15-11-2025,Daman and Diu,Diu,362570,5,0
17-10-2025,Daman and Diu,Daman,396210,4,8
22-10-2025,Daman and Diu,Daman,396210,0,2
03-11-2025,Daman and Diu,Diu,362540,3,3
30-09-2025,Daman and Diu,Diu,362570,1,3
06-10-2025,Daman and Diu,Daman,396220,1,2
06-10-2025,Daman and Diu,Diu,362540,1,0
15-10-2025,Daman and Diu,Daman,396220,0,2
27-10-2025,Daman and Diu,Daman,396220,3,0
03-10-2025,Daman and Diu,Diu,362540,3,0
08-10-2025,Daman and Diu,Daman,396220,1,1
07-10-2025,Daman and Diu,Diu,362570,1,1
01-11-2025,Daman and Diu,Daman,396210,7,6
31-10-2025,Daman and Diu,Daman,396220,1,0
29-10-2025,Daman and Diu,Daman,396220,4,2
28-10-2025,Daman and Diu,Daman,396220,1,0
09-10-2025,Daman and Diu,Daman,396210,7,9
09-10-2025,Daman and Diu,Diu,362520,2,0
25-10-2025,Daman and Diu,Diu,362570,0,1
24-10-2025,Daman and Diu,Daman,396215,0,3
24-10-2025,Daman and Diu,Daman,396220,2,4
03-12-2025,Daman and Diu,Daman,396210,5,5
03-12-2025,Daman and Diu,Daman,396220,6,8
05-12-2025,Daman and Diu,Daman,396210,8,6
05-12-2025,Daman and Diu,Diu,362540,0,2
22-11-2025,Daman and Diu,Diu,362570,9,0
21-11-2025,Daman and Diu,Daman,396220,4,1
21-11-2025,Daman and Diu,Diu,362520,3,1
08-12-2025,Daman and Diu,Daman,396220,4,4
08-12-2025,Daman and Diu,Diu,362520,1,1
26-11-2025,Daman and Diu,Daman,396210,2,7
29-11-2025,Daman and Diu,Daman,396210,15,9
19-11-2025,Daman and Diu,Daman,396210,7,6
23-11-2025,Daman and Diu,Daman,396210,1,1
24-11-2025,Daman and Diu,Daman,396220,0,3
24-11-2025,Daman and Diu,Diu,362540,1,0
25-11-2025,Daman and Diu,Diu,362520,0,1
25-11-2025,Daman and Diu,Diu,362540,0,1
27-11-2025,Daman and Diu,Diu,362540,1,3
27-11-2025,Daman and Diu,Diu,362570,10,4
15-12-2025,Daman and Diu,Daman,396210,2,7
13-12-2025,Daman and Diu,Daman,396215,0,3
10-12-2025,Daman and Diu,Daman,396210,6,6
10-12-2025,Daman and Diu,Daman,396215,0,1
18-10-2025,Daman and Diu,Daman,396220,0,1
03-06-2025,Daman and Diu,Daman,396220,0,1
05-07-2025,Daman and Diu,Daman,396220,0,1
20-05-2025,Daman and Diu,Diu,362520,1,0
30-05-2025,Daman and Diu,Daman,396215,0,1
12-07-2025,Daman and Diu,Diu,362520,0,1
08-08-2025,Daman and Diu,Daman,396215,0,1
26-07-2025,Daman and Diu,Diu,362520,0,1
04-08-2025,Daman and Diu,Diu,362540,1,0
12-08-2025,Daman and Diu,Diu,362520,1,0
12-08-2025,Daman and Diu,Diu,362540,4,1
21-07-2025,Daman and Diu,Diu,362570,8,9
22-07-2025,Daman and Diu,Daman,396220,5,3
07-08-2025,Daman and Diu,Daman,396220,2,2
18-08-2025,Daman and Diu,Daman,396215,0,1
21-08-2025,Daman and Diu,Daman,396210,4,6
20-08-2025,Daman and Diu,Diu,362570,4,7
24-08-2025,Daman and Diu,Daman,396210,1,4
05-08-2025,Daman and Diu,Daman,396210,13,7
05-08-2025,Daman and Diu,Daman,396215,0,2
25-07-2025,Daman and Diu,Daman,396210,0,6
25-07-2025,Daman and Diu,Daman,396215,0,2
24-07-2025,Daman and Diu,Diu,362540,0,3
29-07-2025,Daman and Diu,Daman,396220,1,0
29-07-2025,Daman and Diu,Diu,362570,14,32
11-08-2025,Daman and Diu,Diu,362540,1,1
28-07-2025,Daman and Diu,Daman,396220,4,1
01-08-2025,Daman and Diu,Daman,396220,9,5
30-07-2025,Daman and Diu,Daman,396210,5,5
30-07-2025,Daman and Diu,Diu,362540,2,1
30-07-2025,Daman and Diu,Diu,362570,4,9
31-07-2025,Daman and Diu,Daman,396220,1,0
08-08-2025,Daman and Diu,Diu,362520,1,6
08-09-2025,Daman and Diu,Daman,396215,2,1
08-09-2025,Daman and Diu,Daman,396220,3,1
08-09-2025,Daman and Diu,Diu,362540,1,1
16-09-2025,Daman and Diu,Daman,396215,1,1
16-09-2025,Daman and Diu,Diu,362570,6,5
17-09-2025,Daman and Diu,Diu,362570,11,7
18-09-2025,Daman and Diu,Daman,396220,11,4
18-09-2025,Daman and Diu,Diu,362570,4,5
27-08-2025,Daman and Diu,Daman,396210,4,2
28-08-2025,Daman and Diu,Daman,396210,9,7
31-08-2025,Daman and Diu,Daman,396215,1,0
02-09-2025,Daman and Diu,Diu,362570,2,1
01-10-2025,Daman and Diu,Daman,396210,2,1
14-09-2025,Daman and Diu,Daman,396215,1,0
15-09-2025,Daman and Diu,Daman,396220,4,0
15-09-2025,Daman and Diu,Diu,362520,2,0
15-09-2025,Daman and Diu,Diu,362570,4,3
25-09-2025,Daman and Diu,Diu,362520,1,0
25-09-2025,Daman and Diu,Diu,362540,3,0
09-09-2025,Daman and Diu,Diu,362570,1,0
12-09-2025,Daman and Diu,Daman,396210,36,13
24-09-2025,Daman and Diu,Daman,396220,4,2
24-09-2025,Daman and Diu,Diu,362520,2,1
19-09-2025,Daman and Diu,Diu,362570,8,5
22-09-2025,Daman and Diu,Daman,396215,2,3
22-09-2025,Daman and Diu,Diu,362570,7,4
29-08-2025,Daman and Diu,Diu,362570,2,4
30-08-2025,Daman and Diu,Diu,362570,1,1
03-09-2025,Daman and Diu,Daman,396220,2,0
04-09-2025,Daman and Diu,Diu,362520,1,1
21-05-2025,Daman and Diu,Daman,396220,0,1
23-05-2025,Daman and Diu,Daman,396210,4,4
23-05-2025,Daman and Diu,Daman,396215,0,1
22-05-2025,Daman and Diu,Daman,396215,0,1
22-05-2025,Daman and Diu,Diu,362520,1,0
24-05-2025,Daman and Diu,Daman,396215,0,1
27-05-2025,Daman and Diu,Diu,362540,4,1
28-05-2025,Daman and Diu,Diu,362520,0,2
26-05-2025,Daman and Diu,Diu,362540,0,2
02-06-2025,Daman and Diu,Daman,396215,1,0
30-05-2025,Daman and Diu,Daman,396210,6,9
31-05-2025,Daman and Diu,Daman,396215,2,0
06-06-2025,Daman and Diu,Daman,396210,2,4
06-06-2025,Daman and Diu,Diu,362520,0,1
07-06-2025,Daman and Diu,Daman,396210,4,2
07-06-2025,Daman and Diu,Daman,396220,0,1
07-06-2025,Daman and Diu,Diu,362570,1,0
19-07-2025,Daman and Diu,Daman,396215,1,0
04-07-2025,Daman and Diu,Diu,362540,1,2
23-06-2025,Daman and Diu,Daman,396220,1,0
24-06-2025,Daman and Diu,Daman,396220,0,2
25-06-2025,Daman and Diu,Diu,362540,1,2
13-06-2025,Daman and Diu,Daman,396210,7,2
13-06-2025,Daman and Diu,Diu,362520,2,0
20-06-2025,Daman and Diu,Daman,396215,3,1
19-06-2025,Daman and Diu,Daman,396220,3,0
11-06-2025,Daman and Diu,Daman,396215,2,0
11-06-2025,Daman and Diu,Diu,362540,0,1
11-06-2025,Daman and Diu,Diu,362570,4,4
16-06-2025,Daman and Diu,Daman,396215,1,0
16-06-2025,Daman and Diu,Diu,362570,3,1
04-07-2025,Daman and Diu,Daman,396215,2,0
05-07-2025,Daman and Diu,Daman,396215,1,0
30-06-2025,Daman and Diu,Daman,396210,4,6
10-07-2025,Daman and Diu,Daman,396220,3,2
09-07-2025,Daman and Diu,Daman,396210,5,2
09-07-2025,Daman and Diu,Diu,362540,1,4
09-06-2025,Daman and Diu,Diu,362540,1,0
10-06-2025,Daman and Diu,Daman,396210,4,6
10-06-2025,Daman and Diu,Daman,396220,0,2
10-06-2025,Daman and Diu,Diu,362520,0,2
21-06-2025,Daman and Diu,Daman,396210,3,2
01-07-2025,Daman and Diu,Daman,396210,11,6
01-07-2025,Daman and Diu,Diu,362520,0,2
07-07-2025,Daman and Diu,Daman,396220,2,0
17-07-2025,Daman and Diu,Diu,362540,2,3
17-07-2025,Daman and Diu,Diu,362570,3,4
16-07-2025,Daman and Diu,Diu,362540,3,1
11-07-2025,Daman and Diu,Daman,396210,3,7
11-07-2025,Daman and Diu,Daman,396215,1,1
11-07-2025,Daman and Diu,Diu,362570,3,9
13-07-2025,Daman and Diu,Daman,396210,2,2
12-07-2025,Daman and Diu,Daman,396215,1,0
15-07-2025,Daman and Diu,Diu,362520,1,0
15-07-2025,Daman and Diu,Diu,362540,2,2
18-07-2025,Daman and Diu,Diu,362520,2,0
18-07-2025,Daman and Diu,Diu,362570,5,9
18-12-2025,Daman and Diu,Diu,362570,3,3
16-12-2025,Daman and Diu,Daman,396210,11,11
23-12-2025,Daman and Diu,Daman,396215,1,0
19-12-2025,Daman and Diu,Daman,396215,0,3
19-12-2025,Daman and Diu,Diu,362540,1,2
19-12-2025,Daman and Diu,Diu,362570,2,3
24-12-2025,Daman and Diu,Daman,396220,8,3
24-12-2025,Daman and Diu,Diu,362540,3,0
22-12-2025,Daman and Diu,Daman,396210,10,12
22-12-2025,Daman and Diu,Daman,396215,1,0
22-12-2025,Daman and Diu,Daman,396220,0,2
20-12-2025,Daman and Diu,Daman,396220,2,2
25-12-2025,Daman and Diu,Daman,396210,1,1
26-12-2025,Daman and Diu,Daman,396210,8,5
01-04-2025,Daman and Diu,Daman,396215,29,33
01-05-2025,Daman and Diu,Daman,396220,36,21
01-06-2025,Daman and Diu,Daman,396215,16,13
26-10-2025,Daman and Diu,Diu,362520,2,1
20-10-2025,Daman and Diu,Daman,396210,1,0
18-10-2025,Daman and Diu,Diu,362570,2,1
31-10-2025,Daman and Diu,Daman,396215,1,2
01-11-2025,Daman and Diu,Diu,362570,7,9
05-11-2025,Daman and Diu,Daman,396215,0,1
08-11-2025,Daman and Diu,Diu,362540,2,1
02-12-2025,Daman and Diu,Daman,396215,0,3
13-12-2025,Daman and Diu,Diu,362570,0,1
20-12-2025,Daman and Diu,Diu,362540,0,1
04-12-2025,Daman and Diu,Daman,396215,2,0
28-12-2025,Daman and Diu,Diu,362570,2,1
01-01-2026,Daman and Diu,Daman,396210,13,20
14-12-2025,Daman and Diu,Daman,396210,0,1
02-01-2026,Daman and Diu,Daman,396215,2,1
02-01-2026,Daman and Diu,Diu,362540,1,2
06-12-2025,Daman and Diu,Diu,362570,0,4
27-11-2025,Daman and Diu,Daman,396215,0,1
28-11-2025,Daman and Diu,Daman,396220,0,2
01-12-2025,Daman and Diu,Daman,396215,0,1
01-10-2025,Daman and Diu,Diu,362570,0,1
12-10-2025,Daman and Diu,Diu,362570,0,1
04-10-2025,Daman and Diu,Diu,362570,0,1
14-10-2025,Daman and Diu,Diu,362540,1,1
20-08-2025,Daman and Diu,Diu,362520,0,1
01-09-2025,Daman and Diu,Daman,396215,0,2
24-08-2025,Daman and Diu,Daman,396215,0,1
02-09-2025,Daman and Diu,Diu,362520,0,4
25-08-2025,Daman and Diu,Daman,396220,4,2
30-06-2025,Daman and Diu,Daman,396220,0,3
11-07-2025,Daman and Diu,Diu,362520,4,2
14-07-2025,Daman and Diu,Daman,396210,2,6
14-07-2025,Daman and Diu,Daman,396220,1,1
14-07-2025,Daman and Diu,Diu,362520,2,3
15-07-2025,Daman and Diu,Daman,396215,2,1
15-07-2025,Daman and Diu,Daman,396220,2,1
23-07-2025,Daman and Diu,Daman,396220,3,0
23-07-2025,Daman and Diu,Diu,362570,13,7
01-08-2025,Daman and Diu,Diu,362540,6,4
31-07-2025,Daman and Diu,Daman,396210,4,7
04-08-2025,Daman and Diu,Daman,396210,10,5
05-08-2025,Daman and Diu,Diu,362570,6,15
06-08-2025,Daman and Diu,Diu,362540,3,3
06-08-2025,Daman and Diu,Diu,362570,3,8
23-10-2025,Daman and Diu,Daman,396210,1,3
17-10-2025,Daman and Diu,Diu,362570,5,1
29-10-2025,Daman and Diu,Daman,396215,0,3
29-10-2025,Daman and Diu,Diu,362540,1,2
31-10-2025,Daman and Diu,Diu,362520,1,0
31-10-2025,Daman and Diu,Diu,362570,2,5
19-09-2025,Daman and Diu,Daman,396220,7,0
24-09-2025,Daman and Diu,Daman,396210,15,13
16-09-2025,Daman and Diu,Diu,362520,1,0
16-09-2025,Daman and Diu,Diu,362540,2,1
18-09-2025,Daman and Diu,Daman,396210,22,15
18-09-2025,Daman and Diu,Daman,396215,0,2
17-09-2025,Daman and Diu,Daman,396210,17,17
22-09-2025,Daman and Diu,Daman,396210,7,2
02-11-2025,Daman and Diu,Daman,396220,0,1
04-11-2025,Daman and Diu,Diu,362540,11,0
04-11-2025,Daman and Diu,Diu,362570,8,3
07-11-2025,Daman and Diu,Daman,396215,2,0
07-11-2025,Daman and Diu,Diu,362540,4,1
06-11-2025,Daman and Diu,Diu,362570,6,4
09-11-2025,Daman and Diu,Daman,396215,1,1
09-11-2025,Daman and Diu,Daman,396220,0,1
26-06-2025,Daman and Diu,Daman,396220,0,1
18-10-2025,Daman and Diu,Daman,396215,0,1
30-05-2025,Daman and Diu,Diu,362520,0,1
12-07-2025,Daman and Diu,Daman,396220,0,3
18-06-2025,Daman and Diu,Daman,396220,0,2
18-06-2025,Daman and Diu,Diu,362570,1,0
12-06-2025,Daman and Diu,Daman,396220,1,0
12-06-2025,Daman and Diu,Diu,362570,1,3
13-06-2025,Daman and Diu,Daman,396220,1,1
13-06-2025,Daman and Diu,Diu,362540,2,2
13-06-2025,Daman and Diu,Diu,362570,4,8
17-06-2025,Daman and Diu,Daman,396215,2,0
17-06-2025,Daman and Diu,Diu,362570,2,11
21-06-2025,Daman and Diu,Daman,396220,1,0
20-05-2025,Daman and Diu,Daman,396215,1,2
22-05-2025,Daman and Diu,Daman,396220,2,0
22-05-2025,Daman and Diu,Diu,362540,1,2
27-05-2025,Daman and Diu,Daman,396220,3,1
27-05-2025,Daman and Diu,Diu,362520,0,3
23-05-2025,Daman and Diu,Diu,362570,5,9
26-05-2025,Daman and Diu,Diu,362520,2,1
28-05-2025,Daman and Diu,Daman,396210,5,4
01-06-2025,Daman and Diu,Daman,396210,1,1
29-05-2025,Daman and Diu,Diu,362540,1,1
02-06-2025,Daman and Diu,Diu,362520,1,3
30-05-2025,Daman and Diu,Diu,362570,4,1
04-06-2025,Daman and Diu,Daman,396220,1,0
04-06-2025,Daman and Diu,Diu,362540,2,0
05-06-2025,Daman and Diu,Daman,396215,1,1
05-06-2025,Daman and Diu,Diu,362570,6,1
10-06-2025,Daman and Diu,Diu,362540,0,2
15-06-2025,Daman and Diu,Daman,396210,1,2
14-06-2025,Daman and Diu,Daman,396210,2,5
14-06-2025,Daman and Diu,Daman,396220,1,3
14-06-2025,Daman and Diu,Diu,362570,1,1
20-06-2025,Daman and Diu,Daman,396210,7,10
23-06-2025,Daman and Diu,Diu,362520,0,1
23-06-2025,Daman and Diu,Diu,362570,4,10
24-06-2025,Daman and Diu,Daman,396210,1,5
25-06-2025,Daman and Diu,Daman,396210,6,9
25-06-2025,Daman and Diu,Daman,396215,1,1
27-06-2025,Daman and Diu,Daman,396215,1,1
27-06-2025,Daman and Diu,Diu,362520,3,0
27-06-2025,Daman and Diu,Diu,362540,3,2
28-06-2025,Daman and Diu,Daman,396215,1,1
28-06-2025,Daman and Diu,Diu,362520,0,1
14-08-2025,Daman and Diu,Diu,362520,1,2
11-08-2025,Daman and Diu,Daman,396210,4,10
11-08-2025,Daman and Diu,Daman,396215,1,2
11-08-2025,Daman and Diu,Daman,396220,0,1
26-08-2025,Daman and Diu,Daman,396210,6,7
26-08-2025,Daman and Diu,Daman,396220,0,2
25-08-2025,Daman and Diu,Daman,396215,0,3
18-08-2025,Daman and Diu,Daman,396210,10,9
19-08-2025,Daman and Diu,Daman,396210,3,5
19-08-2025,Daman and Diu,Daman,396215,2,1
19-08-2025,Daman and Diu,Daman,396220,1,0
19-08-2025,Daman and Diu,Diu,362540,1,0
28-08-2025,Daman and Diu,Daman,396220,1,0
17-08-2025,Daman and Diu,Daman,396210,1,1
07-08-2025,Daman and Diu,Daman,396215,1,0
07-08-2025,Daman and Diu,Diu,362540,0,3
21-08-2025,Daman and Diu,Diu,362540,1,2
30-08-2025,Daman and Diu,Daman,396220,5,0
29-08-2025,Daman and Diu,Daman,396210,8,3
29-08-2025,Daman and Diu,Daman,396220,2,0
08-09-2025,Daman and Diu,Diu,362520,0,1
08-09-2025,Daman and Diu,Diu,362570,3,3
07-09-2025,Daman and Diu,Daman,396210,3,0
22-08-2025,Daman and Diu,Diu,362520,0,4
22-08-2025,Daman and Diu,Diu,362540,1,1
23-08-2025,Daman and Diu,Daman,396215,1,1
23-08-2025,Daman and Diu,Daman,396220,3,1
23-08-2025,Daman and Diu,Diu,362520,0,1
03-09-2025,Daman and Diu,Daman,396210,4,7
04-09-2025,Daman and Diu,Daman,396220,1,1
06-09-2025,Daman and Diu,Daman,396215,1,2
06-09-2025,Daman and Diu,Diu,362520,1,0
10-09-2025,Daman and Diu,Diu,362520,1,1
10-09-2025,Daman and Diu,Diu,362540,2,2
10-09-2025,Daman and Diu,Diu,362570,10,3
02-07-2025,Daman and Diu,Diu,362520,0,1
30-06-2025,Daman and Diu,Diu,362540,2,2
07-07-2025,Daman and Diu,Daman,396215,2,0
05-07-2025,Daman and Diu,Daman,396210,5,3
05-07-2025,Daman and Diu,Diu,362520,0,1
19-07-2025,Daman and Diu,Daman,396220,0,1
26-07-2025,Daman and Diu,Daman,396215,0,1
26-07-2025,Daman and Diu,Diu,362570,1,1
16-07-2025,Daman and Diu,Daman,396215,0,3
16-07-2025,Daman and Diu,Diu,362520,1,1
24-07-2025,Daman and Diu,Daman,396210,6,3
18-07-2025,Daman and Diu,Daman,396210,6,5
18-07-2025,Daman and Diu,Daman,396220,1,2
28-07-2025,Daman and Diu,Diu,362520,4,1
28-07-2025,Daman and Diu,Diu,362540,1,1
04-07-2025,Daman and Diu,Diu,362570,0,3
09-07-2025,Daman and Diu,Diu,362520,2,2
22-07-2025,Daman and Diu,Daman,396215,0,1
29-07-2025,Daman and Diu,Daman,396215,1,0
02-08-2025,Daman and Diu,Diu,362570,0,2
11-09-2025,Daman and Diu,Daman,396210,16,8
11-09-2025,Daman and Diu,Daman,396215,1,3
11-09-2025,Daman and Diu,Daman,396220,6,2
11-09-2025,Daman and Diu,Diu,362540,3,1
13-09-2025,Daman and Diu,Diu,362520,0,1
08-10-2025,Daman and Diu,Daman,396210,9,7
08-10-2025,Daman and Diu,Daman,396215,0,1
08-10-2025,Daman and Diu,Diu,362520,3,1
08-10-2025,Daman and Diu,Diu,362540,0,1
07-10-2025,Daman and Diu,Diu,362520,0,1
07-10-2025,Daman and Diu,Diu,362540,0,6
30-09-2025,Daman and Diu,Daman,396210,19,6
30-09-2025,Daman and Diu,Diu,362520,0,1
29-09-2025,Daman and Diu,Daman,396220,1,0
29-09-2025,Daman and Diu,Diu,362540,1,0
03-10-2025,Daman and Diu,Daman,396210,19,7
06-10-2025,Daman and Diu,Daman,396210,10,5
06-10-2025,Daman and Diu,Daman,396215,1,2
14-10-2025,Daman and Diu,Diu,362570,4,4
16-10-2025,Daman and Diu,Diu,362520,1,1
16-10-2025,Daman and Diu,Diu,362540,3,3
13-11-2025,Daman and Diu,Diu,362520,8,3
13-11-2025,Daman and Diu,Diu,362540,18,1
18-11-2025,Daman and Diu,Diu,362540,19,0
18-11-2025,Daman and Diu,Diu,362570,12,2
19-11-2025,Daman and Diu,Daman,396215,0,1
25-11-2025,Daman and Diu,Daman,396215,0,1
25-11-2025,Daman and Diu,Daman,396220,3,0
08-11-2025,Daman and Diu,Daman,396220,1,0
12-11-2025,Daman and Diu,Diu,362520,15,9
20-11-2025,Daman and Diu,Daman,396215,1,1
20-11-2025,Daman and Diu,Diu,362570,6,1
15-11-2025,Daman and Diu,Diu,362540,2,0
21-11-2025,Daman and Diu,Daman,396210,5,6
21-11-2025,Daman and Diu,Diu,362570,19,3
22-11-2025,Daman and Diu,Daman,396215,1,1
28-11-2025,Daman and Diu,Daman,396210,5,2
24-12-2025,Daman and Diu,Diu,362570,1,7
04-12-2025,Daman and Diu,Diu,362540,2,2
02-12-2025,Daman and Diu,Daman,396220,1,7
02-12-2025,Daman and Diu,Diu,362520,1,0
02-12-2025,Daman and Diu,Diu,362540,0,1
09-12-2025,Daman and Diu,Daman,396220,0,4
09-12-2025,Daman and Diu,Diu,362570,7,6
11-12-2025,Daman and Diu,Daman,396220,1,5
11-12-2025,Daman and Diu,Diu,362540,0,1
11-12-2025,Daman and Diu,Diu,362570,1,11
12-12-2025,Daman and Diu,Diu,362540,0,3
12-12-2025,Daman and Diu,Diu,362570,2,7
20-12-2025,Daman and Diu,Daman,396215,2,1
19-12-2025,Daman and Diu,Diu,362520,1,1
15-12-2025,Daman and Diu,Daman,396215,2,1
16-12-2025,Daman and Diu,Diu,362520,2,1
17-12-2025,Daman and Diu,Daman,396220,1,7
18-12-2025,Daman and Diu,Diu,362540,5,2
23-12-2025,Daman and Diu,Daman,396210,8,13
23-12-2025,Daman and Diu,Diu,362540,0,1
26-12-2025,Daman and Diu,Daman,396215,1,2
26-12-2025,Daman and Diu,Diu,362570,2,5
01-03-2025,Daman and Diu,Diu,362520,37,22
01-03-2025,Daman and Diu,Diu,362570,96,74
01-05-2025,Daman and Diu,Diu,362540,43,22
01-04-2025,Daman and Diu,Diu,362570,160,49
01-06-2025,Daman and Diu,Daman,396220,29,18
01-06-2025,Daman and Diu,Diu,362520,11,15
01-06-2025,Daman and Diu,Diu,362570,77,83
26-10-2025,Daman and Diu,Daman,396215,0,2
19-10-2025,Daman and Diu,Diu,362570,0,1
25-10-2025,Daman and Diu,Diu,362520,3,2
18-10-2025,Daman and Diu,Diu,362520,0,1
01-11-2025,Daman and Diu,Diu,362540,4,1
05-11-2025,Daman and Diu,Diu,362520,0,2
05-11-2025,Daman and Diu,Diu,362570,3,1
16-11-2025,Daman and Diu,Daman,396215,0,1
04-12-2025,Daman and Diu,Diu,362520,0,1
03-01-2026,Daman and Diu,Daman,396220,1,0
14-12-2025,Daman and Diu,Diu,362540,0,2
26-12-2025,Daman and Diu,Diu,362540,3,0
01-01-2026,Daman and Diu,Daman,396220,3,4
29-12-2025,Daman and Diu,Daman,396210,5,2
29-12-2025,Daman and Diu,Daman,396215,0,2
29-12-2025,Daman and Diu,Diu,362570,0,1
25-12-2025,Daman and Diu,Daman,396220,0,2
07-12-2025,Daman and Diu,Daman,396210,0,1
07-12-2025,Daman and Diu,Diu,362570,0,1
08-12-2025,Daman and Diu,Daman,396215,0,1
08-12-2025,Daman and Diu,Diu,362540,1,0
11-10-2025,Daman and Diu,Diu,362570,0,1
04-10-2025,Daman and Diu,Diu,362540,0,1
26-09-2025,Daman and Diu,Diu,362540,2,4
27-09-2025,Daman and Diu,Daman,396220,0,1
10-10-2025,Daman and Diu,Diu,362540,1,1
22-08-2025,Daman and Diu,Daman,396215,0,5
21-08-2025,Daman and Diu,Diu,362520,0,1
20-08-2025,Daman and Diu,Daman,396220,0,2
23-08-2025,Daman and Diu,Diu,362570,0,1
30-08-2025,Daman and Diu,Daman,396215,1,1
15-08-2025,Daman and Diu,Diu,362540,1,0
16-08-2025,Daman and Diu,Daman,396215,1,0
07-10-2025,Daman and Diu,Daman,396210,14,4
07-10-2025,Daman and Diu,Daman,396215,0,1
09-10-2025,Daman and Diu,Daman,396215,3,1
09-10-2025,Daman and Diu,Diu,362540,4,0
13-11-2025,Daman and Diu,Daman,396220,1,2
02-11-2025,Daman and Diu,Daman,396210,1,2
03-11-2025,Daman and Diu,Daman,396210,15,7
03-11-2025,Daman and Diu,Diu,362570,13,5
04-11-2025,Daman and Diu,Daman,396210,8,8
14-11-2025,Daman and Diu,Daman,396215,1,0
13-10-2025,Daman and Diu,Diu,362520,1,3
23-10-2025,Daman and Diu,Diu,362540,0,2
24-10-2025,Daman and Diu,Diu,362520,1,2
12-11-2025,Daman and Diu,Daman,396215,1,3
12-11-2025,Daman and Diu,Diu,362570,22,11
11-11-2025,Daman and Diu,Daman,396210,7,3
11-11-2025,Daman and Diu,Diu,362520,18,2
11-11-2025,Daman and Diu,Diu,362570,42,0
10-11-2025,Daman and Diu,Diu,362520,14,2
10-11-2025,Daman and Diu,Diu,362570,8,1
06-11-2025,Daman and Diu,Diu,362540,1,0
17-11-2025,Daman and Diu,Daman,396210,5,8
18-11-2025,Daman and Diu,Daman,396215,1,3
18-11-2025,Daman and Diu,Daman,396220,1,0
20-11-2025,Daman and Diu,Diu,362540,26,0
11-10-2025,Daman and Diu,Diu,362520,0,1
16-10-2025,Daman and Diu,Daman,396215,1,1
16-10-2025,Daman and Diu,Diu,362570,2,2
15-10-2025,Daman and Diu,Daman,396210,13,8
15-10-2025,Daman and Diu,Diu,362570,2,3
14-10-2025,Daman and Diu,Daman,396215,0,1
14-10-2025,Daman and Diu,Diu,362520,1,3
01-12-2025,Daman and Diu,Daman,396220,2,0
01-12-2025,Daman and Diu,Diu,362540,3,2
01-12-2025,Daman and Diu,Diu,362570,3,1
08-12-2025,Daman and Diu,Diu,362570,4,4
06-12-2025,Daman and Diu,Daman,396215,0,1
06-12-2025,Daman and Diu,Daman,396220,4,1
25-11-2025,Daman and Diu,Daman,396210,5,10
26-11-2025,Daman and Diu,Daman,396215,0,1
26-11-2025,Daman and Diu,Diu,362540,0,2
27-11-2025,Daman and Diu,Daman,396210,6,7
27-11-2025,Daman and Diu,Diu,362520,1,1
10-12-2025,Daman and Diu,Daman,396220,2,10
10-12-2025,Daman and Diu,Diu,362570,2,5
12-12-2025,Daman and Diu,Daman,396220,2,10
05-12-2025,Daman and Diu,Daman,396220,1,1
05-12-2025,Daman and Diu,Diu,362520,0,2
21-10-2025,Daman and Diu,Diu,362570,0,1
21-05-2025,Daman and Diu,Diu,362520,0,3
20-08-2025,Daman and Diu,Daman,396210,5,3
28-08-2025,Daman and Diu,Daman,396215,2,2
03-09-2025,Daman and Diu,Daman,396215,1,0
03-09-2025,Daman and Diu,Diu,362570,5,1
04-09-2025,Daman and Diu,Daman,396215,3,2
04-09-2025,Daman and Diu,Diu,362570,1,3
05-09-2025,Daman and Diu,Daman,396210,2,3
05-09-2025,Daman and Diu,Daman,396220,1,0
06-09-2025,Daman and Diu,Daman,396220,1,3
13-09-2025,Daman and Diu,Daman,396220,6,0
13-09-2025,Daman and Diu,Diu,362570,1,1
12-09-2025,Daman and Diu,Diu,362520,1,1
14-08-2025,Daman and Diu,Daman,396210,15,7
14-08-2025,Daman and Diu,Daman,396215,1,0
14-08-2025,Daman and Diu,Daman,396220,1,1
12-08-2025,Daman and Diu,Daman,396220,4,1
10-09-2025,Daman and Diu,Daman,396215,3,0
10-08-2025,Daman and Diu,Daman,396210,1,1
08-08-2025,Daman and Diu,Daman,396220,2,1
11-08-2025,Daman and Diu,Diu,362520,1,6
26-08-2025,Daman and Diu,Diu,362570,1,4
11-09-2025,Daman and Diu,Diu,362570,3,4
13-08-2025,Daman and Diu,Daman,396215,2,1
13-08-2025,Daman and Diu,Diu,362520,0,3
18-08-2025,Daman and Diu,Daman,396220,1,1
26-07-2025,Daman and Diu,Daman,396220,3,1
29-07-2025,Daman and Diu,Daman,396210,8,4
30-07-2025,Daman and Diu,Daman,396220,2,1
30-07-2025,Daman and Diu,Diu,362520,0,1
04-08-2025,Daman and Diu,Diu,362570,0,1
06-08-2025,Daman and Diu,Daman,396215,0,2
06-08-2025,Daman and Diu,Daman,396220,4,1
24-07-2025,Daman and Diu,Diu,362570,9,10
01-08-2025,Daman and Diu,Daman,396210,7,7
31-07-2025,Daman and Diu,Diu,362540,3,3
31-07-2025,Daman and Diu,Diu,362570,5,10
21-08-2025,Daman and Diu,Daman,396215,1,2
21-08-2025,Daman and Diu,Daman,396220,0,4
19-08-2025,Daman and Diu,Diu,362520,1,2
01-09-2025,Daman and Diu,Daman,396210,6,6
30-08-2025,Daman and Diu,Diu,362540,1,0
31-08-2025,Daman and Diu,Daman,396210,2,2
31-08-2025,Daman and Diu,Daman,396220,0,1
22-09-2025,Daman and Diu,Daman,396220,1,3
23-09-2025,Daman and Diu,Diu,362540,4,0
23-09-2025,Daman and Diu,Diu,362570,7,7
30-09-2025,Daman and Diu,Diu,362540,0,1
28-09-2025,Daman and Diu,Daman,396210,1,0
29-09-2025,Daman and Diu,Daman,396210,4,5
29-09-2025,Daman and Diu,Diu,362570,5,1
15-09-2025,Daman and Diu,Daman,396210,31,19
15-09-2025,Daman and Diu,Daman,396215,2,1
15-09-2025,Daman and Diu,Diu,362540,2,2
17-09-2025,Daman and Diu,Daman,396220,5,3
03-10-2025,Daman and Diu,Daman,396215,1,0
03-10-2025,Daman and Diu,Diu,362570,3,4
20-09-2025,Daman and Diu,Daman,396210,14,6
20-09-2025,Daman and Diu,Daman,396215,3,2
19-09-2025,Daman and Diu,Daman,396215,4,1
19-09-2025,Daman and Diu,Diu,362540,4,2
25-09-2025,Daman and Diu,Daman,396220,3,1
26-09-2025,Daman and Diu,Daman,396220,0,1
26-09-2025,Daman and Diu,Diu,362570,5,2
04-10-2025,Daman and Diu,Daman,396210,25,3
31-07-2025,Daman and Diu,Daman,396215,0,1
18-06-2025,Daman and Diu,Daman,396215,0,1
16-06-2025,Daman and Diu,Diu,362520,0,1
28-07-2025,Daman and Diu,Daman,396215,0,3
05-07-2025,Daman and Diu,Diu,362570,3,0
05-06-2025,Daman and Diu,Diu,362520,0,2
18-10-2025,Daman and Diu,Daman,396210,4,7
21-05-2025,Daman and Diu,Diu,362570,6,1
20-05-2025,Daman and Diu,Daman,396220,2,1
20-05-2025,Daman and Diu,Diu,362570,7,4
27-05-2025,Daman and Diu,Daman,396210,7,7
28-05-2025,Daman and Diu,Daman,396215,0,1
28-05-2025,Daman and Diu,Daman,396220,3,0
28-05-2025,Daman and Diu,Diu,362540,4,3
24-05-2025,Daman and Diu,Daman,396210,1,2
29-05-2025,Daman and Diu,Daman,396210,5,6
29-05-2025,Daman and Diu,Diu,362570,5,3
02-06-2025,Daman and Diu,Diu,362540,2,0
03-06-2025,Daman and Diu,Diu,362520,1,1
03-06-2025,Daman and Diu,Diu,362570,8,7
05-06-2025,Daman and Diu,Daman,396220,1,2
06-06-2025,Daman and Diu,Diu,362570,2,5
09-06-2025,Daman and Diu,Daman,396215,1,1
09-06-2025,Daman and Diu,Diu,362570,3,4
10-06-2025,Daman and Diu,Diu,362570,4,6
22-06-2025,Daman and Diu,Daman,396210,0,3
22-06-2025,Daman and Diu,Daman,396220,1,0
23-06-2025,Daman and Diu,Daman,396215,1,0
26-06-2025,Daman and Diu,Daman,396210,9,8
26-06-2025,Daman and Diu,Diu,362520,0,2
26-06-2025,Daman and Diu,Diu,362570,0,5
17-07-2025,Daman and Diu,Daman,396220,2,2
01-07-2025,Daman and Diu,Daman,396220,0,1
01-07-2025,Daman and Diu,Diu,362540,1,5
17-06-2025,Daman and Diu,Daman,396210,6,6
17-06-2025,Daman and Diu,Diu,362520,1,1
17-06-2025,Daman and Diu,Diu,362540,2,0
14-06-2025,Daman and Diu,Daman,396215,1,0
18-06-2025,Daman and Diu,Daman,396210,4,7
19-06-2025,Daman and Diu,Diu,362570,3,6
28-06-2025,Daman and Diu,Daman,396210,9,7
31-05-2025,Daman and Diu,Daman,396220,1,0
11-06-2025,Daman and Diu,Daman,396220,1,2
12-06-2025,Daman and Diu,Diu,362540,1,0
13-06-2025,Daman and Diu,Daman,396215,1,0
04-06-2025,Daman and Diu,Diu,362570,0,2
16-06-2025,Daman and Diu,Daman,396210,8,8
08-07-2025,Daman and Diu,Daman,396220,0,4
09-07-2025,Daman and Diu,Diu,362570,3,5
16-07-2025,Daman and Diu,Daman,396210,1,6
07-07-2025,Daman and Diu,Daman,396210,8,2
07-07-2025,Daman and Diu,Diu,362520,1,0
07-07-2025,Daman and Diu,Diu,362570,3,6
12-07-2025,Daman and Diu,Daman,396210,6,6
11-07-2025,Daman and Diu,Daman,396220,4,1
14-07-2025,Daman and Diu,Diu,362540,2,2
14-07-2025,Daman and Diu,Diu,362570,1,2
15-07-2025,Daman and Diu,Daman,396210,3,6
21-07-2025,Daman and Diu,Daman,396210,4,7
21-07-2025,Daman and Diu,Daman,396215,0,2
23-07-2025,Daman and Diu,Daman,396215,0,1
23-07-2025,Daman and Diu,Diu,362540,3,1
22-07-2025,Daman and Diu,Diu,362520,11,2
18-12-2025,Daman and Diu,Daman,396215,0,1
22-12-2025,Daman and Diu,Diu,362520,0,1
22-12-2025,Daman and Diu,Diu,362570,1,8
24-12-2025,Daman and Diu,Daman,396215,0,1
17-12-2025,Daman and Diu,Daman,396215,1,2
17-12-2025,Daman and Diu,Diu,362520,2,1
17-12-2025,Daman and Diu,Diu,362540,5,1
17-12-2025,Daman and Diu,Diu,362570,1,5
16-12-2025,Daman and Diu,Daman,396220,2,3
19-12-2025,Daman and Diu,Daman,396210,13,3
19-12-2025,Daman and Diu,Daman,396220,4,2
20-12-2025,Daman and Diu,Daman,396210,24,7
26-12-2025,Daman and Diu,Daman,396220,1,1
01-04-2025,Daman and Diu,Daman,396220,45,12
01-03-2025,Daman and Diu,Diu,362540,101,26
01-05-2025,Daman and Diu,Diu,362520,22,18
01-06-2025,Daman and Diu,Diu,362540,38,19
01-07-2025,Daman and Diu,Daman,396215,17,15
19-10-2025,Daman and Diu,Diu,362520,2,1
17-10-2025,Daman and Diu,Daman,396215,0,1
01-11-2025,Daman and Diu,Diu,362520,3,3
10-11-2025,Daman and Diu,Daman,396215,3,1
08-11-2025,Daman and Diu,Daman,396215,0,1
20-10-2025,Daman and Diu,Daman,396220,0,1
17-08-2025,Daman and Diu,Daman,396220,0,1
12-07-2025,Daman and Diu,Diu,362570,0,1
21-06-2025,Daman and Diu,Diu,362570,0,1
24-06-2025,Daman and Diu,Diu,362540,0,2
11-06-2025,Daman and Diu,Diu,362520,0,1
08-06-2025,Daman and Diu,Daman,396210,1,0
09-06-2025,Daman and Diu,Daman,396210,3,7
09-06-2025,Daman and Diu,Daman,396220,0,1
11-06-2025,Daman and Diu,Daman,396210,4,3
12-06-2025,Daman and Diu,Daman,396210,10,5
12-06-2025,Daman and Diu,Daman,396215,0,1
14-06-2025,Daman and Diu,Diu,362520,0,1
16-06-2025,Daman and Diu,Daman,396220,1,1
23-05-2025,Daman and Diu,Daman,396220,2,0
23-05-2025,Daman and Diu,Diu,362540,3,2
20-05-2025,Daman and Diu,Diu,362540,0,1
26-05-2025,Daman and Diu,Daman,396220,0,1
27-05-2025,Daman and Diu,Daman,396215,0,1
27-05-2025,Daman and Diu,Diu,362570,5,6
22-05-2025,Daman and Diu,Diu,362570,5,4
28-05-2025,Daman and Diu,Diu,362570,5,2
29-05-2025,Daman and Diu,Daman,396215,0,1
29-05-2025,Daman and Diu,Daman,396220,0,1
29-05-2025,Daman and Diu,Diu,362520,1,4
02-06-2025,Daman and Diu,Daman,396210,7,10
02-06-2025,Daman and Diu,Diu,362570,5,8
03-06-2025,Daman and Diu,Daman,396210,4,6
03-06-2025,Daman and Diu,Daman,396215,0,1
03-06-2025,Daman and Diu,Diu,362540,3,3
30-05-2025,Daman and Diu,Daman,396220,3,1
05-06-2025,Daman and Diu,Daman,396210,8,7
04-06-2025,Daman and Diu,Daman,396210,1,4
06-06-2025,Daman and Diu,Daman,396220,2,2
27-06-2025,Daman and Diu,Daman,396210,8,3
27-06-2025,Daman and Diu,Diu,362570,8,5
21-06-2025,Daman and Diu,Daman,396215,0,1
24-06-2025,Daman and Diu,Daman,396215,1,1
25-06-2025,Daman and Diu,Daman,396220,0,1
25-06-2025,Daman and Diu,Diu,362570,2,3
26-06-2025,Daman and Diu,Diu,362540,4,8
21-07-2025,Daman and Diu,Diu,362540,2,0
16-08-2025,Daman and Diu,Daman,396210,1,2
03-01-2026,Daman and Diu,Daman,396210,2,3
02-01-2026,Daman and Diu,Daman,396220,1,1
27-12-2025,Daman and Diu,Diu,362570,0,3
01-01-2026,Daman and Diu,Daman,396215,2,2
01-01-2026,Daman and Diu,Diu,362540,0,3
14-12-2025,Daman and Diu,Daman,396220,4,4
29-12-2025,Daman and Diu,Diu,362520,1,2
28-12-2025,Daman and Diu,Daman,396220,0,1
12-12-2025,Daman and Diu,Diu,362520,1,0
06-12-2025,Daman and Diu,Diu,362540,0,1
22-11-2025,Daman and Diu,Diu,362520,0,2
26-11-2025,Daman and Diu,Diu,362520,0,1
12-11-2025,Daman and Diu,Daman,396220,0,1
26-09-2025,Daman and Diu,Daman,396215,0,1
07-10-2025,Daman and Diu,Daman,396220,0,1
11-09-2025,Daman and Diu,Diu,362520,0,2
31-05-2025,Daman and Diu,Diu,362520,0,1
04-06-2025,Daman and Diu,Daman,396215,0,1
21-10-2025,Daman and Diu,Daman,396215,1,0
06-06-2025,Daman and Diu,Daman,396215,0,3
17-07-2025,Daman and Diu,Daman,396210,3,6
17-07-2025,Daman and Diu,Diu,362520,1,3
19-07-2025,Daman and Diu,Daman,396210,10,5
19-07-2025,Daman and Diu,Diu,362570,1,0
18-07-2025,Daman and Diu,Diu,362540,4,0
28-07-2025,Daman and Diu,Diu,362570,10,13
29-07-2025,Daman and Diu,Diu,362520,1,6
29-07-2025,Daman and Diu,Diu,362540,1,0
08-07-2025,Daman and Diu,Daman,396210,2,5
10-07-2025,Daman and Diu,Diu,362520,0,1
10-07-2025,Daman and Diu,Diu,362540,0,1
09-07-2025,Daman and Diu,Daman,396220,0,1
26-09-2025,Daman and Diu,Daman,396210,27,6
26-09-2025,Daman and Diu,Diu,362520,1,1
27-09-2025,Daman and Diu,Daman,396210,28,4
30-09-2025,Daman and Diu,Daman,396220,1,0
29-09-2025,Daman and Diu,Daman,396215,0,1
29-09-2025,Daman and Diu,Diu,362520,2,0
18-08-2025,Daman and Diu,Diu,362520,1,0
28-08-2025,Daman and Diu,Diu,362520,3,0
28-08-2025,Daman and Diu,Diu,362570,0,3
08-08-2025,Daman and Diu,Diu,362570,4,13
11-08-2025,Daman and Diu,Diu,362570,2,8
12-08-2025,Daman and Diu,Daman,396215,1,2
22-07-2025,Daman and Diu,Daman,396210,9,6
22-07-2025,Daman and Diu,Diu,362570,6,6
14-08-2025,Daman and Diu,Diu,362540,6,4
14-08-2025,Daman and Diu,Diu,362570,4,10
13-08-2025,Daman and Diu,Diu,362540,2,3
02-09-2025,Daman and Diu,Daman,396215,2,2
02-09-2025,Daman and Diu,Diu,362540,1,2
04-09-2025,Daman and Diu,Diu,362540,1,0
06-09-2025,Daman and Diu,Daman,396210,11,6
06-09-2025,Daman and Diu,Diu,362570,1,0
09-09-2025,Daman and Diu,Daman,396210,13,5
09-09-2025,Daman and Diu,Diu,362520,2,2
10-09-2025,Daman and Diu,Daman,396210,14,2
10-09-2025,Daman and Diu,Daman,396220,2,0
11-10-2025,Daman and Diu,Daman,396210,8,2
11-10-2025,Daman and Diu,Daman,396220,2,0
10-10-2025,Daman and Diu,Daman,396210,13,5
10-10-2025,Daman and Diu,Daman,396220,0,1
17-10-2025,Daman and Diu,Diu,362520,0,2
17-10-2025,Daman and Diu,Diu,362540,4,0
09-10-2025,Daman and Diu,Daman,396220,1,0
13-10-2025,Daman and Diu,Diu,362570,1,3
16-10-2025,Daman and Diu,Daman,396210,10,3
06-10-2025,Daman and Diu,Diu,362520,3,1
04-10-2025,Daman and Diu,Daman,396215,1,0
08-10-2025,Daman and Diu,Diu,362570,5,3
14-10-2025,Daman and Diu,Daman,396210,10,13
24-10-2025,Daman and Diu,Daman,396210,6,15
24-10-2025,Daman and Diu,Diu,362540,1,1
24-10-2025,Daman and Diu,Diu,362570,1,0
03-07-2025,Daman and Diu,Diu,362570,2,2
04-08-2025,Daman and Diu,Daman,396215,0,1
27-07-2025,Daman and Diu,Daman,396210,2,1
24-07-2025,Daman and Diu,Daman,396215,1,0
29-06-2025,Daman and Diu,Daman,396210,0,1
30-06-2025,Daman and Diu,Daman,396215,0,1
30-06-2025,Daman and Diu,Diu,362520,1,2
02-07-2025,Daman and Diu,Diu,362540,0,1
06-07-2025,Daman and Diu,Daman,396210,0,3
13-09-2025,Daman and Diu,Daman,396215,2,1
12-09-2025,Daman and Diu,Diu,362540,3,1
12-09-2025,Daman and Diu,Diu,362570,4,3
16-09-2025,Daman and Diu,Daman,396210,16,8
16-09-2025,Daman and Diu,Daman,396220,9,0
17-09-2025,Daman and Diu,Diu,362540,6,0
21-09-2025,Daman and Diu,Daman,396210,5,2
19-09-2025,Daman and Diu,Daman,396210,15,10
23-09-2025,Daman and Diu,Daman,396215,1,1
23-09-2025,Daman and Diu,Diu,362520,1,0
22-08-2025,Daman and Diu,Daman,396220,2,1
25-08-2025,Daman and Diu,Daman,396210,7,4
26-08-2025,Daman and Diu,Diu,362540,0,3
01-09-2025,Daman and Diu,Diu,362520,0,3
01-09-2025,Daman and Diu,Diu,362570,3,2
15-07-2025,Daman and Diu,Diu,362570,3,12
05-08-2025,Daman and Diu,Daman,396220,5,2
05-08-2025,Daman and Diu,Diu,362520,1,2
06-08-2025,Daman and Diu,Daman,396210,11,4
06-08-2025,Daman and Diu,Diu,362520,5,3
29-08-2025,Daman and Diu,Daman,396215,1,0
29-08-2025,Daman and Diu,Diu,362540,3,0
27-10-2025,Daman and Diu,Daman,396210,12,7
25-10-2025,Daman and Diu,Daman,396210,5,5
29-10-2025,Daman and Diu,Diu,362570,1,2
28-10-2025,Daman and Diu,Daman,396210,5,5
28-10-2025,Daman and Diu,Daman,396215,0,2
04-11-2025,Daman and Diu,Daman,396215,2,1
04-11-2025,Daman and Diu,Daman,396220,3,2
04-11-2025,Daman and Diu,Diu,362520,7,3
30-10-2025,Daman and Diu,Daman,396220,0,2
30-10-2025,Daman and Diu,Diu,362570,2,2
31-10-2025,Daman and Diu,Daman,396210,4,3
01-11-2025,Daman and Diu,Daman,396215,1,0
03-11-2025,Daman and Diu,Daman,396220,3,1
06-11-2025,Daman and Diu,Diu,362520,3,2
24-11-2025,Daman and Diu,Daman,396210,7,8
24-11-2025,Daman and Diu,Daman,396215,1,0
24-11-2025,Daman and Diu,Diu,362520,0,1
05-12-2025,Daman and Diu,Daman,396215,0,1
05-12-2025,Daman and Diu,Diu,362570,5,2
08-11-2025,Daman and Diu,Daman,396210,6,3
06-12-2025,Daman and Diu,Daman,396210,5,7
03-12-2025,Daman and Diu,Diu,362520,1,2
03-12-2025,Daman and Diu,Diu,362540,1,3
03-12-2025,Daman and Diu,Diu,362570,13,6
02-12-2025,Daman and Diu,Daman,396210,7,9
12-12-2025,Daman and Diu,Daman,396210,3,5
12-12-2025,Daman and Diu,Daman,396215,0,2
11-12-2025,Daman and Diu,Daman,396210,9,8
11-12-2025,Daman and Diu,Daman,396215,0,1
11-12-2025,Daman and Diu,Diu,362520,2,1
21-11-2025,Daman and Diu,Diu,362540,3,0
22-11-2025,Daman and Diu,Daman,396210,7,9
18-11-2025,Daman and Diu,Daman,396210,7,12
18-11-2025,Daman and Diu,Diu,362520,16,0
19-11-2025,Daman and Diu,Diu,362520,12,1
19-11-2025,Daman and Diu,Diu,362540,23,0
19-11-2025,Daman and Diu,Diu,362570,4,2
13-11-2025,Daman and Diu,Daman,396215,2,1
13-11-2025,Daman and Diu,Diu,362570,13,2
20-11-2025,Daman and Diu,Daman,396220,4,0
20-11-2025,Daman and Diu,Diu,362520,10,2
07-11-2025,Daman and Diu,Daman,396220,1,3
07-11-2025,Daman and Diu,Diu,362520,2,1
10-11-2025,Daman and Diu,Daman,396220,2,2
12-11-2025,Daman and Diu,Daman,396210,4,7
12-11-2025,Daman and Diu,Diu,362540,15,5
11-11-2025,Daman and Diu,Daman,396220,1,0
26-11-2025,Daman and Diu,Diu,362570,12,1
27-11-2025,Daman and Diu,Daman,396220,4,0
15-11-2025,Daman and Diu,Diu,362520,1,0
25-11-2025,Daman and Diu,Diu,362570,12,2
28-11-2025,Daman and Diu,Diu,362520,1,2
28-11-2025,Daman and Diu,Diu,362570,0,6
29-11-2025,Daman and Diu,Diu,362570,1,1
18-12-2025,Daman and Diu,Diu,362520,1,5
24-12-2025,Daman and Diu,Daman,396210,19,9
15-12-2025,Daman and Diu,Diu,362520,2,3
13-12-2025,Daman and Diu,Daman,396210,13,9
13-12-2025,Daman and Diu,Daman,396220,2,1
16-12-2025,Daman and Diu,Daman,396215,2,0
16-12-2025,Daman and Diu,Diu,362570,4,5
20-12-2025,Daman and Diu,Diu,362570,1,0
22-12-2025,Daman and Diu,Diu,362540,2,1
21-12-2025,Daman and Diu,Daman,396210,2,2
23-12-2025,Daman and Diu,Diu,362520,1,3
23-12-2025,Daman and Diu,Diu,362570,6,2
01-04-2025,Daman and Diu,Daman,396210,314,157
01-03-2025,Daman and Diu,Daman,396220,68,36
01-05-2025,Daman and Diu,Daman,396210,229,171
26-10-2025,Daman and Diu,Diu,362540,1,2
09-11-2025,Daman and Diu,Diu,362540,1,0
16-11-2025,Daman and Diu,Diu,362540,1,0
14-12-2025,Daman and Diu,Diu,362520,1,0
14-12-2025,Daman and Diu,Diu,362570,3,3
20-12-2025,Daman and Diu,Diu,362520,1,0
27-12-2025,Daman and Diu,Daman,396210,6,5
29-12-2025,Daman and Diu,Diu,362540,0,2
01-01-2026,Daman and Diu,Diu,362570,4,3
21-12-2025,Daman and Diu,Diu,362570,0,1
02-01-2026,Daman and Diu,Daman,396210,9,7
02-01-2026,Daman and Diu,Diu,362520,1,0
02-01-2026,Daman and Diu,Diu,362570,0,1
03-01-2026,Daman and Diu,Diu,362540,0,1
25-12-2025,Daman and Diu,Diu,362520,0,2
14-11-2025,Daman and Diu,Daman,396220,0,4
17-11-2025,Daman and Diu,Daman,396215,0,1
01-12-2025,Daman and Diu,Diu,362520,0,1
29-11-2025,Daman and Diu,Daman,396215,0,1
10-10-2025,Daman and Diu,Diu,362520,0,1
17-10-2025,Daman and Diu,Daman,396220,1,1
20-09-2025,Daman and Diu,Diu,362520,0,2
21-10-2025,Daman and Diu,Diu,362520,1,1
31-10-2025,Daman and Diu,Diu,362540,0,2
25-10-2025,Daman and Diu,Diu,362540,0,1
13-10-2025,Daman and Diu,Daman,396220,0,1
03-09-2025,Daman and Diu,Diu,362520,0,1
05-09-2025,Daman and Diu,Diu,362520,0,1
06-09-2025,Daman and Diu,Diu,362540,0,1
19-10-2025,Daman and Diu,Daman,396215,0,1
21-10-2025,Daman and Diu,Daman,396210,1,3
21-10-2025,Daman and Diu,Diu,362540,0,2
20-06-2025,Daman and Diu,Diu,362570,0,1
24-05-2025,Daman and Diu,Diu,362520,0,1
20-05-2025,Daman and Diu,Daman,396210,8,6
26-05-2025,Daman and Diu,Daman,396210,10,4
26-05-2025,Daman and Diu,Diu,362570,9,5
25-05-2025,Daman and Diu,Daman,396210,1,2
02-06-2025,Daman and Diu,Daman,396220,2,0
30-05-2025,Daman and Diu,Diu,362540,0,1
31-05-2025,Daman and Diu,Daman,396210,5,2
04-06-2025,Daman and Diu,Diu,362520,0,2
05-06-2025,Daman and Diu,Diu,362540,4,0
06-06-2025,Daman and Diu,Diu,362540,0,1
21-05-2025,Daman and Diu,Daman,396210,8,6
22-05-2025,Daman and Diu,Daman,396210,8,8
10-06-2025,Daman and Diu,Daman,396215,1,1
17-06-2025,Daman and Diu,Daman,396220,3,2
19-06-2025,Daman and Diu,Daman,396210,9,8
19-06-2025,Daman and Diu,Diu,362540,1,1
22-06-2025,Daman and Diu,Daman,396215,0,1
21-05-2025,Daman and Diu,Diu,362540,0,2
08-08-2025,Daman and Diu,Diu,362540,0,1
03-08-2025,Daman and Diu,Diu,362570,3,1
14-07-2025,Daman and Diu,Daman,396215,0,1
08-07-2025,Daman and Diu,Daman,396215,0,2
17-07-2025,Daman and Diu,Daman,396215,0,1
27-08-2025,Daman and Diu,Daman,396215,0,2
26-08-2025,Daman and Diu,Daman,396215,0,1
03-07-2025,Daman and Diu,Daman,396220,0,3
23-07-2025,Daman and Diu,Daman,396210,2,3
23-07-2025,Daman and Diu,Diu,362520,1,0
01-08-2025,Daman and Diu,Diu,362520,0,2
01-08-2025,Daman and Diu,Diu,362570,7,11
30-07-2025,Daman and Diu,Daman,396215,0,2
31-07-2025,Daman and Diu,Diu,362520,1,2
04-08-2025,Daman and Diu,Daman,396220,0,1
05-08-2025,Daman and Diu,Diu,362540,5,3
24-06-2025,Daman and Diu,Diu,362570,2,4
25-06-2025,Daman and Diu,Diu,362520,1,0
07-07-2025,Daman and Diu,Diu,362540,0,3
26-07-2025,Daman and Diu,Daman,396210,9,1
16-07-2025,Daman and Diu,Daman,396220,2,1
16-07-2025,Daman and Diu,Diu,362570,7,9
20-07-2025,Daman and Diu,Daman,396210,2,2
25-07-2025,Daman and Diu,Daman,396220,3,0
25-07-2025,Daman and Diu,Diu,362520,1,0
25-07-2025,Daman and Diu,Diu,362540,2,0
25-07-2025,Daman and Diu,Diu,362570,5,9
24-07-2025,Daman and Diu,Daman,396220,3,1
24-07-2025,Daman and Diu,Diu,362520,0,2
07-08-2025,Daman and Diu,Daman,396210,7,8
07-08-2025,Daman and Diu,Diu,362520,4,3
07-08-2025,Daman and Diu,Diu,362570,4,1
18-07-2025,Daman and Diu,Daman,396215,0,2
22-07-2025,Daman and Diu,Diu,362540,2,1
21-07-2025,Daman and Diu,Daman,396220,3,2
21-07-2025,Daman and Diu,Diu,362520,0,1
28-07-2025,Daman and Diu,Daman,396210,3,6
28-06-2025,Daman and Diu,Daman,396220,1,1
28-06-2025,Daman and Diu,Diu,362540,1,0
23-06-2025,Daman and Diu,Daman,396210,4,6
23-06-2025,Daman and Diu,Diu,362540,1,2
27-06-2025,Daman and Diu,Daman,396220,3,0
08-07-2025,Daman and Diu,Diu,362520,2,2
08-07-2025,Daman and Diu,Diu,362540,2,5
08-07-2025,Daman and Diu,Diu,362570,3,9
11-07-2025,Daman and Diu,Diu,362540,0,1
02-08-2025,Daman and Diu,Daman,396210,2,2
02-08-2025,Daman and Diu,Daman,396215,1,0
01-07-2025,Daman and Diu,Diu,362570,3,6
30-06-2025,Daman and Diu,Diu,362570,6,9
04-07-2025,Daman and Diu,Daman,396210,10,9
03-07-2025,Daman and Diu,Daman,396210,10,5
03-07-2025,Daman and Diu,Daman,396215,0,2
03-07-2025,Daman and Diu,Diu,362540,2,2
02-07-2025,Daman and Diu,Daman,396210,4,14
02-07-2025,Daman and Diu,Daman,396220,1,2
02-07-2025,Daman and Diu,Diu,362570,3,1
26-06-2025,Daman and Diu,Daman,396215,0,1
10-07-2025,Daman and Diu,Daman,396210,2,12
10-07-2025,Daman and Diu,Diu,362570,0,3
13-08-2025,Daman and Diu,Daman,396210,4,8
13-08-2025,Daman and Diu,Daman,396220,3,0
13-08-2025,Daman and Diu,Diu,362570,8,4
12-08-2025,Daman and Diu,Daman,396210,9,5
12-08-2025,Daman and Diu,Diu,362570,5,6
21-08-2025,Daman and Diu,Diu,362570,1,4
26-08-2025,Daman and Diu,Diu,362520,1,2
25-08-2025,Daman and Diu,Diu,362520,0,1
25-08-2025,Daman and Diu,Diu,362570,1,5
10-08-2025,Daman and Diu,Daman,396215,1,1
08-08-2025,Daman and Diu,Daman,396210,10,6
18-08-2025,Daman and Diu,Diu,362540,0,1
18-08-2025,Daman and Diu,Diu,362570,0,2
19-08-2025,Daman and Diu,Diu,362570,1,0
23-08-2025,Daman and Diu,Daman,396210,8,7
22-08-2025,Daman and Diu,Daman,396210,5,5
22-08-2025,Daman and Diu,Diu,362570,4,3
30-08-2025,Daman and Diu,Daman,396210,9,4
03-09-2025,Daman and Diu,Diu,362540,1,1
02-09-2025,Daman and Diu,Daman,396210,4,6
02-09-2025,Daman and Diu,Daman,396220,3,2
23-09-2025,Daman and Diu,Daman,396210,19,7
23-09-2025,Daman and Diu,Daman,396220,1,1
03-10-2025,Daman and Diu,Diu,362520,0,4
23-10-2025,Daman and Diu,Diu,362520,1,1
23-10-2025,Daman and Diu,Diu,362570,0,2
06-10-2025,Daman and Diu,Diu,362570,6,4
15-10-2025,Daman and Diu,Daman,396215,0,1
15-10-2025,Daman and Diu,Diu,362520,3,3
15-10-2025,Daman and Diu,Diu,362540,0,3
14-10-2025,Daman and Diu,Daman,396220,1,0
09-09-2025,Daman and Diu,Daman,396215,2,1
09-09-2025,Daman and Diu,Daman,396220,2,1
08-09-2025,Daman and Diu,Daman,396210,7,9
13-09-2025,Daman and Diu,Daman,396210,33,10
22-10-2025,Daman and Diu,Daman,396215,0,1
14-09-2025,Daman and Diu,Daman,396210,2,2
18-09-2025,Daman and Diu,Diu,362520,0,1
18-09-2025,Daman and Diu,Diu,362540,1,2
17-09-2025,Daman and Diu,Daman,396215,2,0
17-09-2025,Daman and Diu,Diu,362520,3,1
01-09-2025,Daman and Diu,Daman,396220,1,2
28-08-2025,Daman and Diu,Diu,362540,0,1
29-08-2025,Daman and Diu,Diu,362520,0,4
04-09-2025,Daman and Diu,Daman,396210,2,10
21-09-2025,Daman and Diu,Daman,396215,1,1
19-09-2025,Daman and Diu,Diu,362520,0,4
20-09-2025,Daman and Diu,Daman,396220,1,2
12-09-2025,Daman and Diu,Daman,396215,1,0
12-09-2025,Daman and Diu,Daman,396220,3,1
22-09-2025,Daman and Diu,Diu,362520,4,0
22-09-2025,Daman and Diu,Diu,362540,0,2
27-09-2025,Daman and Diu,Daman,396215,1,1
25-09-2025,Daman and Diu,Daman,396210,26,5
25-09-2025,Daman and Diu,Daman,396215,6,1
25-09-2025,Daman and Diu,Diu,362570,1,0
24-09-2025,Daman and Diu,Daman,396215,1,0
24-09-2025,Daman and Diu,Diu,362540,1,1
24-09-2025,Daman and Diu,Diu,362570,2,3
05-10-2025,Daman and Diu,Daman,396210,1,2
05-10-2025,Daman and Diu,Daman,396215,0,1
29-10-2025,Daman and Diu,Daman,396210,10,11
29-10-2025,Daman and Diu,Diu,362520,1,1
30-10-2025,Daman and Diu,Daman,396210,12,5
30-10-2025,Daman and Diu,Daman,396215,1,2
30-10-2025,Daman and Diu,Diu,362520,1,1
30-10-2025,Daman and Diu,Diu,362540,2,0
26-10-2025,Daman and Diu,Daman,396210,6,3
27-10-2025,Daman and Diu,Daman,396215,0,1
27-10-2025,Daman and Diu,Diu,362570,0,1
01-11-2025,Daman and Diu,Daman,396220,2,0
15-12-2025,Daman and Diu,Daman,396220,1,2
15-12-2025,Daman and Diu,Diu,362570,1,1
17-12-2025,Daman and Diu,Daman,396210,9,17
16-12-2025,Daman and Diu,Diu,362540,2,5
18-12-2025,Daman and Diu,Daman,396210,12,13
18-12-2025,Daman and Diu,Daman,396220,3,2
29-11-2025,Daman and Diu,Daman,396220,0,1
04-12-2025,Daman and Diu,Daman,396210,7,9
04-12-2025,Daman and Diu,Daman,396220,1,9
04-12-2025,Daman and Diu,Diu,362570,7,1
08-12-2025,Daman and Diu,Daman,396210,8,5
09-10-2025,Daman and Diu,Diu,362570,0,8
10-10-2025,Daman and Diu,Diu,362570,2,3
11-10-2025,Daman and Diu,Daman,396215,1,0
25-10-2025,Daman and Diu,Daman,396215,0,2
25-10-2025,Daman and Diu,Daman,396220,3,0
09-11-2025,Daman and Diu,Daman,396210,1,2
19-11-2025,Daman and Diu,Daman,396220,4,2
20-11-2025,Daman and Diu,Daman,396210,10,4
15-11-2025,Daman and Diu,Daman,396210,10,3
15-11-2025,Daman and Diu,Daman,396220,1,0
14-11-2025,Daman and Diu,Diu,362540,29,0
14-11-2025,Daman and Diu,Diu,362570,21,0
17-11-2025,Daman and Diu,Diu,362570,15,1
28-11-2025,Daman and Diu,Daman,396215,0,1
28-11-2025,Daman and Diu,Diu,362540,3,2
02-11-2025,Daman and Diu,Daman,396215,1,0
03-11-2025,Daman and Diu,Diu,362520,14,4
07-11-2025,Daman and Diu,Daman,396210,5,8
07-11-2025,Daman and Diu,Diu,362570,1,1
06-11-2025,Daman and Diu,Daman,396210,5,4
06-11-2025,Daman and Diu,Daman,396215,5,2
11-11-2025,Daman and Diu,Daman,396215,1,0
11-11-2025,Daman and Diu,Diu,362540,13,0
21-11-2025,Daman and Diu,Daman,396215,1,1
24-11-2025,Daman and Diu,Diu,362570,1,3
26-11-2025,Daman and Diu,Daman,396220,0,2
10-12-2025,Daman and Diu,Diu,362520,0,1
01-12-2025,Daman and Diu,Daman,396210,11,11
02-12-2025,Daman and Diu,Diu,362570,14,2
09-12-2025,Daman and Diu,Daman,396210,5,8
09-12-2025,Daman and Diu,Daman,396215,1,2
09-12-2025,Daman and Diu,Diu,362520,1,0
09-12-2025,Daman and Diu,Diu,362540,4,2
13-12-2025,Daman and Diu,Diu,362520,0,1
23-12-2025,Daman and Diu,Daman,396220,2,1
25-12-2025,Daman and Diu,Daman,396215,1,1
24-12-2025,Daman and Diu,Diu,362520,2,1
26-12-2025,Daman and Diu,Diu,362520,1,0
